scaling,parameter,residual,base_residual,sensitivity,parameter_step
unscaled_physical_logm_residual,W_a0_m_s,du_dt_m_s2,7.257347658313016e-15,1.7587950990730324e-15,6e-06
unscaled_physical_logm_residual,W_a0_m_s,dw_dt_m_s2,-2.0250467969162855e-13,18.718366790651483,6e-06
unscaled_physical_logm_residual,W_a0_m_s,dlogm_dt_s_inv,-3.5136130767317495e-16,-1.427973057625486e-16,6e-06
unscaled_physical_logm_residual,H_a3,du_dt_m_s2,7.257347658313016e-15,0.0,6.1e-06
unscaled_physical_logm_residual,H_a3,dw_dt_m_s2,-2.0250467969162855e-13,0.0,6.1e-06
unscaled_physical_logm_residual,H_a3,dlogm_dt_s_inv,-3.5136130767317495e-16,0.002526152593928724,6.1e-06
row_scaled_residual,W_a0_m_s,du_dt_m_s2,4.440836587739895e-16,1.0762226083293762e-16,6e-06
row_scaled_residual,W_a0_m_s,dw_dt_m_s2,-3.3407886337866426e-14,3.088032687070933,6e-06
row_scaled_residual,W_a0_m_s,dlogm_dt_s_inv,-2.7263261042511445e-10,-1.1080105117017283e-10,6e-06
row_scaled_residual,H_a3,du_dt_m_s2,4.440836587739895e-16,0.0,6.1e-06
row_scaled_residual,H_a3,dw_dt_m_s2,-3.3407886337866426e-14,0.0,6.1e-06
row_scaled_residual,H_a3,dlogm_dt_s_inv,-2.7263261042511445e-10,1960.1235565060556,6.1e-06
